id,name,email,phone,salary,join_date
1,Ryan Williams,zacharysexton@example.org,606.642.7242x2514,80625.88,2024-08-02
2,Heather Dillon,zbrewer@example.com,334-862-7159,52242.29,2025-03-06
3,Christopher Conley,christianchris@example.com,+1-418-327-7848x0635,65499.08,2023-07-16
4,Timothy Lee,morrowphillip@example.org,+1-912-714-0127x7796,54478.98,2023-07-30
5,Marcus Jenkins,gregg32@example.org,(434)760-1186x7834,73793.17,2023-09-25
6,Christopher Wright,meganjackson@example.net,3412250624,111973.94,2024-06-12
7,Ana Hodges,andrewortiz@example.net,933.943.6557,92544.56,2024-12-22
8,Christopher West,lindseymoore@example.net,001-207-965-4923x6169,98919.27,2023-05-14
9,Jean Rodriguez,debra42@example.com,726.975.3116x328,53270.27,2022-06-01
10,Megan Garcia,philliparellano@example.org,559.624.1850,54704.43,2024-05-06
11,Patricia Ramirez,jessica76@example.org,274-259-0186,71361.48,2024-10-19
12,Brad Walker,grant44@example.org,5104012513,43894.72,2024-03-13
13,Whitney Jones,simslori@example.com,779-586-8883,53408.71,2023-05-15
14,Erika Dennis,pmckee@example.net,733.989.9338x45374,84369.81,2025-03-21
15,Felicia Roman,oliviamartin@example.com,446-451-7500x3588,68542.53,2024-05-14
16,Robert Ross,shamilton@example.com,3369488934,110775.61,2023-04-21
17,Justin Moore,kristyfriedman@example.net,+1-480-607-2682x092,56277.26,2024-09-14
18,Chris Peterson,barronashley@example.org,(985)469-3037,44110.32,2023-11-06
19,Danielle Maddox,danielcain@example.com,+1-826-258-9380x728,109843.39,2022-12-01
20,Carmen Hunter,margaret97@example.net,3474557224,108907.53,2022-12-26
21,Albert Johnson,myersdavid@example.net,001-397-711-4485x60019,89466.52,2025-03-13
22,Louis White,christiankane@example.net,001-990-775-4056x8884,74904.32,2024-01-18
23,Sydney Allen DVM,aberry@example.com,001-758-577-8650x529,63130.18,2025-03-30
24,Nicholas Smith,lovedavid@example.org,+1-438-714-8728x4205,102124.44,2022-11-17
25,Travis Hale,dale43@example.com,931-343-1881,77118.58,2023-04-02
26,John Mercado,walshrachel@example.org,6013301616,99117.79,2024-11-20
27,Haley Coleman,rjones@example.com,(316)548-5024x45649,50435.49,2023-01-06
28,Laura Drake,santoskaren@example.com,001-980-524-7166x296,114586.59,2022-08-05
29,Carl Jacobson,jonathanoconnell@example.com,633-775-9593x74561,110754.07,2023-03-14
30,Christina Klein,rosejustin@example.net,001-701-214-2711,72130.55,2024-11-20
31,Christina Leblanc,lawsonlinda@example.org,(461)942-7211,89700.67,2024-07-16
32,Jane Carter,foxangela@example.org,+1-818-447-9635x0574,75007.04,2023-09-09
33,Steven May,joelmiles@example.com,001-866-700-1787x5492,108766.59,2023-10-03
34,Kristi Robinson,jerrybrooks@example.net,001-660-509-7417x62391,84391.57,2023-06-02
35,Michael Cruz,ilove@example.org,+1-551-236-1482x227,94695.4,2024-12-03
36,Sean Mccarty,goconnor@example.org,(578)708-6568x313,63535.4,2023-10-20
37,Wesley Brown,adamsrobert@example.com,903-635-6464,41506.12,2022-08-02
38,Reginald Davis,ysimpson@example.net,(439)722-9734x642,90830.99,2023-09-12
39,Kimberly Newton,charles93@example.com,784-803-0232x50847,112638.39,2022-07-21
40,Jordan Garcia,davenportchristina@example.org,561-597-6501x869,74744.22,2023-07-07
41,Alicia Zamora,lucas10@example.org,001-314-460-6540x42078,105036.79,2023-03-15
42,Joseph Cooper,robert81@example.net,(832)596-2457x735,106063.45,2024-11-13
43,Andrea Livingston,lunarobert@example.org,001-660-764-8481x9309,107882.26,2024-09-10
44,Maria Graham DDS,torresmary@example.org,667-472-9796,84090.77,2022-07-04
45,Charles Austin,tparker@example.org,001-833-310-6582x86593,70034.76,2023-06-25
46,Michael Page,bgarcia@example.com,+1-653-327-8318,109908.12,2023-02-14
47,Zachary Willis,briancollins@example.org,264.974.0540x47939,74227.97,2024-04-11
48,Donald Watson,wrightstephanie@example.com,338.751.1201x489,87688.22,2024-05-11
49,John Price,olivia56@example.com,+1-553-239-2726x0564,87614.18,2022-09-26
50,Derek Miller,kevinmurphy@example.com,5784450267,46500.55,2025-04-16
51,Suzanne Kelly,jeffhampton@example.org,001-724-994-4505x280,63495.39,2024-08-06
52,Mrs. Anne Gibson MD,tstewart@example.com,232-621-7917,48911.97,2022-07-19
53,Mr. Christopher Reed PhD,telliott@example.org,(341)399-9656x79367,95318.34,2022-08-28
54,Teresa Wells,williamssteven@example.net,+1-398-594-4743x22841,98402.01,2023-03-23
55,Garrett Small,yhall@example.com,+1-996-634-0857x40532,56874.3,2023-12-31
56,Katherine Santiago,jessica99@example.com,001-932-380-6039x318,92751.07,2023-08-06
57,Glenn Hernandez,heather04@example.org,(407)250-2953x392,48086.78,2024-08-21
58,Gabriela Green,elizabethramirez@example.com,(875)369-3247x264,47864.91,2025-02-03
59,Victoria Soto,danny07@example.net,+1-845-491-4600,40386.99,2024-11-05
60,Christopher Oconnor,zweeks@example.com,676.443.5566,40036.2,2025-01-01
61,Jason Kane,blake24@example.net,406-429-2588x1065,55092.63,2024-09-15
62,Christine Tucker,monicamorales@example.net,3702789283,86143.37,2023-09-13
63,Brian Salas,danieladam@example.com,559-430-0097,95801.12,2024-05-08
64,Amanda George,morgan93@example.org,001-551-495-2309x42068,58371.52,2025-04-06
65,Mr. Bobby Jones II,whitejaime@example.com,216.959.2458,115389.46,2022-06-14
66,Jennifer Ward,sarah26@example.org,(524)635-5641x53224,99980.22,2022-06-22
67,Kristy Reynolds,alex82@example.net,331-700-7189x46027,64427.21,2023-10-06
68,David Bishop,hcarter@example.org,+1-762-282-0115x43685,110265.77,2025-03-12
69,Mr. Robert Mann,thomas95@example.org,+1-541-469-8312,101272.13,2022-11-20
70,Tina Miller,yolandaconrad@example.com,+1-993-842-3003x815,53505.09,2025-01-13
71,Rebecca Wiggins,fparker@example.net,562.990.1294x079,104984.17,2022-12-21
72,Ashley Garcia,dhayes@example.com,799.566.5835,75353.57,2023-08-10
73,Joel Clarke,moorenicholas@example.org,911.661.7156x696,61835.47,2024-02-16
74,Linda Walter,sarahbenson@example.com,907.878.0659,96594.4,2022-12-01
75,Kenneth Jordan,lawrencesusan@example.com,517.352.6238,113729.73,2022-08-25
76,Shelly Cunningham,georgedavis@example.org,640-856-7748x763,89604.74,2025-05-20
77,Chad White,james62@example.com,784.976.9064x56220,92595.22,2023-02-10
78,Melissa Chen,sally59@example.com,354.581.2837x89386,91981.06,2022-07-25
79,Kimberly Li,toddhughes@example.net,750-543-5909x991,119541.46,2023-05-14
80,Megan Perry,christopher49@example.com,547.261.3770x8774,76962.93,2023-09-24
81,Julia Hays,ruizethan@example.org,001-417-789-7031x4375,105995.99,2023-01-04
82,Robert Simmons,thomas80@example.org,550-920-8891x37580,108933.74,2022-10-14
83,Tonya Cummings,hernandezscott@example.org,557.240.7701,113758.06,2022-10-07
84,Brooke Hill,brucenelson@example.net,(731)249-1743x01490,52237.76,2024-12-14
85,Jerome Hernandez,joannelson@example.org,312.478.8034x63505,56111.65,2023-04-11
86,Jennifer Fisher,lori07@example.com,(868)819-8154x882,86687.4,2024-01-29
87,Elizabeth Aguirre,christopher77@example.net,419.842.3541x79269,102874.29,2022-07-02
88,Jennifer Love,wstanley@example.com,(258)349-8507x1458,77541.41,2024-06-11
89,Alyssa Brown,nathan13@example.com,670.201.0251x742,104104.24,2022-07-16
90,Randy Finley,jessicarice@example.com,5298108708,108138.56,2025-01-26
91,Joseph Espinoza,qsmith@example.net,+1-809-847-4077,68189.66,2024-10-08
92,Scott Harmon,kathleen26@example.org,001-380-419-4154,51338.87,2025-02-27
93,Kenneth Mcgee,mnelson@example.net,(655)834-4576x928,103818.69,2023-03-14
94,Aaron Mcdonald,acostadennis@example.net,001-620-326-7946x5122,113815.32,2022-05-29
95,Donald Fitzgerald,bartlettgrace@example.com,(404)975-3178,84560.85,2023-03-16
96,Ronald Reed,barbara50@example.org,+1-377-935-5728,68189.29,2022-06-29
97,Tamara Horn,wmayo@example.com,6548914796,76369.9,2025-03-13
98,Shaun Warren,sophiasanchez@example.com,940-571-1453x79204,115639.14,2024-10-13
99,Isaac Martin,mollygallegos@example.net,+1-761-729-7849x5427,103305.47,2024-04-08
100,Michelle Foley,parksvalerie@example.org,(472)835-0212x6084,94204.21,2022-12-24
101,Eric Collier,tranandrea@example.net,001-571-968-2662,89509.7,2023-03-26
102,Diana Brown,qfitzpatrick@example.org,+1-377-871-6384x7274,53245.9,2023-11-20
103,Rebecca Neal,christina11@example.org,351-724-0903,61872.77,2023-06-01
104,Jonathan Herrera,dominguezjohn@example.net,982.731.8686,118501.78,2022-11-23
105,Stephen Calhoun,nelsonheather@example.com,001-339-325-7737x054,89646.67,2022-08-11
106,Gabrielle Ryan,gthompson@example.net,(936)750-2977x2539,116400.79,2025-01-31
107,Elizabeth Wilson,marthapowell@example.net,470.922.1899,67120.03,2023-07-27
108,Elizabeth Miller,clarkjoseph@example.org,(629)298-0015,84671.65,2023-08-13
109,Joshua Smith,michaelgrimes@example.com,853.401.5978,61774.46,2025-03-30
110,Brandi Vance,barnescharles@example.org,+1-827-932-2803x810,67761.0,2024-09-25
111,Kristi Schmitt,oramirez@example.com,889-638-0479,66158.82,2022-08-08
112,Rachel Jennings,shanewilson@example.org,804-817-8827x85314,65444.73,2022-10-21
113,Luis Rodriguez,ibrady@example.com,737-814-5393x51397,116088.73,2024-03-26
114,Richard Moran,joannabrown@example.org,001-706-647-3747x78551,70161.22,2022-12-30
115,Paul Cooper,jodyfoster@example.com,849-999-2850x930,98654.43,2024-12-31
116,Gail Smith,erowe@example.org,2076123220,47065.93,2024-04-18
117,Nicole Jones MD,dannysantiago@example.org,+1-307-549-1100,90146.58,2024-11-08
118,Nathaniel Mccarthy,claytonjacqueline@example.com,7693832938,99445.36,2023-10-01
119,Jacqueline Ramos,donna51@example.net,001-416-419-3533x83489,99249.71,2023-10-23
120,Adam Elliott,whitekathleen@example.org,584-974-8948x1182,84172.18,2024-08-15
121,Rhonda Miller,davidwarren@example.com,(314)779-1418,95804.92,2023-03-11
122,Nathan Sullivan,jessica58@example.net,510.549.2471,97282.07,2023-07-21
123,Christopher White,martinezjessica@example.com,+1-850-657-7768x715,68713.78,2024-01-22
124,Tyler Castro,johnjackson@example.org,622.617.8220x6166,72839.85,2024-04-13
125,Eric Hardy,lindarojas@example.com,5925854057,73522.29,2024-10-05
126,Ruben Mathews,catherinemorales@example.com,001-607-557-0433x72265,48890.01,2023-12-12
127,Mark Price,allenjohn@example.org,710-282-7045,70797.91,2024-09-10
128,Kristi Nichols,timothy56@example.com,662.768.7034x73046,49253.04,2022-11-29
129,Andrew Castro,navarromichael@example.org,001-992-743-8971,54735.39,2025-04-09
130,David Spence,vrodriguez@example.com,+1-368-964-9444x4027,109247.11,2022-07-09
131,Leslie Perez,christiannelson@example.com,001-248-421-2647x7091,52443.04,2022-07-29
132,Brandon Liu,lmalone@example.org,474.939.1493,98945.9,2024-08-24
133,Lance Porter,natalie95@example.org,(891)541-5243,91825.25,2023-05-09
134,Nicole Tapia,preeves@example.org,421.440.9823,66188.87,2023-04-24
135,Samantha Hunter,cassandrahunter@example.org,001-528-467-5387,84675.28,2022-11-09
136,Scott Patterson,idavis@example.org,737-234-3076,61333.89,2023-12-07
137,Patricia Wilson,aprilgriffin@example.net,380.376.1509x9551,51297.1,2024-10-30
138,Robert Pollard,ggillespie@example.org,(978)983-1887,114832.82,2024-11-20
139,Timothy Nelson,edwardsreginald@example.org,513-454-9898,63295.67,2023-08-17
140,Jessica Ward,vancetravis@example.org,293.443.0638,87101.63,2025-01-23
141,Tamara Cook,sanchezcaitlin@example.com,412.515.6975x3942,79570.55,2024-10-08
142,Jodi Keller,dorothy35@example.net,367.459.6423,65629.52,2024-03-05
143,Sandra Hughes,lesliebryant@example.org,214.621.8630,115330.26,2025-02-15
144,Cynthia Gilmore,elizabeth33@example.net,558.329.5691,40918.22,2022-10-24
145,Kristina Parsons,garybowen@example.net,996-871-0472x675,58885.4,2024-09-05
146,Kiara Pena,markrich@example.org,(234)959-2953,52986.78,2023-11-05
147,Donna Alexander,bowen@example.com,(328)983-8653x38372,113646.34,2022-09-19
148,Carl Miles,alexandra21@example.com,001-984-688-4289x18932,99573.57,2023-04-20
149,Teresa Cline,wardjessica@example.net,229.425.2633,79224.71,2022-05-25
150,Anthony Young,holmesanthony@example.com,(917)923-5920,69284.69,2024-12-16